id;date;text;hashtags;user_name;user_location;user_description;user_created;user_followers;user_friends;user_favourites;source
1,35E+18;10/01/2021 16:14;Tak Kenal maka Tak Kebal. Vaksin menjadi bukti manusia berjuang menjaga eksistensinya di dunia ini. Vaksin juga men? https://t.co/tQ97R12mXs;;DiskominfoKotaBogor;Kota Bogor - Jawa Barat;Akun twitter resmi Dinas Komunikasi dan Informatika (DISKOMINFO) Kota Bogor | IG : kominfo bogor;06/05/2014 2:08;4617;203;38;Twitter for iPhone
1,35E+18;10/01/2021 16:33;Sistem satu data mendukung Vaksinasi di Indonesia #Vaksin #Covid19 #CoronaVirus #Kesehatan https://t.co/gqyLHMdhOh;['Vaksin', 'Covid19', 'CoronaVirus', 'Kesehatan'];Indah Nur Hidayah;;;25/11/2020 3:24;10;22;38;Twitter Web App
1,35E+18;11/01/2021 0:24;Apa Perbedaan Vaksin China Sinovac dan Sinopharm serta Merek Lain? #Vaksin #Perusahaanfarmasi #Virus #Farmasi? https://t.co/rJ2Ltk3vGz;['Vaksin', 'Perusahaanfarmasi', 'Virus', 'Farmasi'];BaBe - Baca Berita;Indonesia;Aku resmi BaBe - Aplikasi berita pintar yang menyajikan berita terhangat & terlengkap!;;;;;
1,35E+18;11/01/2021 0:30;Dua Lagi Obat yang Dapat Selamatkan Nyawa Pasien COVID-19 Ditemukan #Infus #Virus #Wabah #Radang #Vaksin? https://t.co/QKrbcMVHwn;['Infus', 'Virus', 'Wabah', 'Radang', 'Vaksin'];BaBe - Baca Berita;Indonesia;Aku resmi BaBe - Aplikasi berita pintar yang menyajikan berita terhangat & terlengkap!;;;;;
1,35E+18;11/01/2021 1:00;Vaksin buatan Tiongkok kembali dipertanyakan, orang tua tidak boleh suntik!;;;;;;;;;
1,35E+18;11/01/2021 1:07;Kabar Duka, Dokter Pribadi Paus Fransiskus Meninggal Akibat Covid-19 #Vatikan #PausFransiskus #Vaksinasi #Italia? https://t.co/hU2TsTDtvi;['Vatikan', 'PausFransiskus', 'Vaksinasi', 'Italia'];BaBe - Baca Berita;Indonesia;Aku resmi BaBe - Aplikasi berita pintar yang menyajikan berita terhangat & terlengkap!;;;;;
1,35E+18;11/01/2021 1:41;Masker bekas rawan tertular virus. Pakai masker baru utk mencegah secara maksimal penularan virus covid-19.? https://t.co/TF6sHl4GFd;;Randy Aldino;;Pemuda melek politik;16/03/2018 15:05;1776;1959;7795;Twitter for Android
1,35E+18;11/01/2021 1:59;27 wakil supervisor kab/kota sudah terlatih, 67 rumah sakit umum di 27 kabupaten/kota sudah terlatih, 18 RS TNI, Po? https://t.co/7yOtPQWOdW;;BP2D Jabar | #75TahunJabar;Jl. Kawaluyaan Indah Raya No 6;Badan Penelitian dan Pengembangan Daerah Provinsi Jawa Barat | bp2d@jabarprov.go.id | (022) 87328066;;;;;
1,35E+18;11/01/2021 2:04;Mengenal Vaksin Covid-19 !!;;;;;;;;;
1,35E+18;11/01/2021 2:07;Top News Koran Rakyat Merdeka;;;;;;;;;
1,35E+18;11/01/2021 2:11;Lawan #COVID19 dengan #solidaritas bukan stigma.;;;;;;;;;
1,35E+18;11/01/2021 2:11;Vaksinasi Covid-19 segera dimulai, tetap jaga protokol kesehatan.;;;;;;;;;
1,35E+18;11/01/2021 2:13;Sampurasun wargi jabar ??;;;;;;;;;
1,35E+18;11/01/2021 2:18;Aceh Salah Satu Provinsi Yang Menerapkan Syariat Islam Bagi Warganya Hingga Saat Ini Dan Merekapun Sangat Tegas Men? https://t.co/xD9d8ur3zE;;Idn_Zellix;swiss;?Ketakutan Adalah Cara Yang Hebat Untuk Mengontrol Rakyat;;;;;
1,35E+18;11/01/2021 2:24;Mari siapkan diri untuk vaksinasi saat vaksin siap.;;;;;;;;;
1,35E+18;11/01/2021 2:28;Vaksinya halal yaa;;;;;;;;;
1,35E+18;11/01/2021 2:28;Menjadi orang pertama yang di suntik;;;;;;;;;
1,35E+18;11/01/2021 2:29;Lebih baik mencegah toh;;;;;;;;;
1,35E+18;11/01/2021 2:30;Sudah mendapat status halal yaa;;;;;;;;;
1,35E+18;11/01/2021 2:30;Simak yang boleh dan tidak;;;;;;;;;
1,35E+18;11/01/2021 2:43;Video Tenaga Kesehatan Tolak Vaksin Covid-19 Viral #Vaksin #Vaksinasi #AntibodiD #idi #TenagaKesehatan? https://t.co/jEGVT2utr2;['Vaksin', 'Vaksinasi', 'AntibodiD', 'idi', 'TenagaKesehatan'];BaBe - Baca Berita;Indonesia;Aku resmi BaBe - Aplikasi berita pintar yang menyajikan berita terhangat & terlengkap!;;;;;
1,35E+18;11/01/2021 2:49;Jadi, #SobatBP sudah terima SMS dari Kemenkes sebagai salah satu penerima vaksin?;;;;;;;;;
1,35E+18;11/01/2021 2:58;Top News Koran Rakyat Merdeka;;;;;;;;;
1,35E+18;11/01/2021 3:06;Hallo Teman Muda!;;;;;;;;;
1,35E+18;11/01/2021 3:12;Top News Koran Rakyat Merdeka;;;;;;;;;
1,35E+18;11/01/2021 3:57;Berharap Tak Muncul Lagi Gelombang Pandemi, Tiongkok Gratiskan Vaksin Covid-19 untuk Warganya;;;;;;;;;
1,35E+18;11/01/2021 4:15;Hari Ini BPOM Putuskan Izin Darurat Vaksin Corona Sinovac #Vaksin #Vaksinasi #BadanPOM #Virus #Plasebo? https://t.co/B6sYgsZwxC;['Vaksin', 'Vaksinasi', 'BadanPOM', 'Virus', 'Plasebo'];BaBe - Baca Berita;Indonesia;Aku resmi BaBe - Aplikasi berita pintar yang menyajikan berita terhangat & terlengkap!;;;;;
1,35E+18;11/01/2021 4:45;Bagi kita mendengar kata-kata #Vaksin tentu sesuatu hal yang biasa saja, tetapi bagi yang memiliki pengalaman seper? https://t.co/Y0kvNKbTIV;['Vaksin'];edi yang biru;Lampung Selatan, Lampung;instagram : https://t.co/ua3zDKXNUw;;;;;
1,35E+18;11/01/2021 4:48;Dosen FISS UNPAS aing ini. Mantap pak @budi_dalton ?? #Vaksin https://t.co/Co5ymTspJi;['Vaksin'];Fedy F. Sarabiana;Bandung - I N D O N E S I A;;22/12/2009 6:44;304;237;471;Twitter for Android
1,35E+18;11/01/2021 5:49;POSITIF COVID-19! GUBERNUR JATIM TAK PERLU DIVAKSIN;;;;;;;;;
1,35E+18;11/01/2021 6:12;Mentri Koordinator (Menko) Bidang Kemaritiman dan Investasi Luhut Binsar Pandjaitan memastikan program vaksinasi CO? https://t.co/HuHt3R7MLo;;Redaksi Sinar Harapan;Jakarta, Indonesia;Twitter resmi https://t.co/zGbqdW3ULd;;;;;
1,35E+18;11/01/2021 6:39;Siap demam lur? ??;;;;;;;;;
1,35E+18;11/01/2021 6:50;Pemerintah Indonesia diwakili Menteri Kesehatan Budi Gunadi Sadikin dan Menteri Keuangan  Sri Mulyani telah menanda? https://t.co/Giqe0PvvDu;;NETRALNEWS;Jakarta Capital Region, Indone;Akun Resmi https://t.co/9YQ7Wv9dd8;;;;;
1,35E+18;11/01/2021 6:54;Catat! Orang Dengan Kondisi Kesehatan Ini Tidak Bisa Dapat Vaksin Covid-19 #Vaksin #Vaksinasi #TERAPI? https://t.co/UovQCLPnqb;['Vaksin', 'Vaksinasi', 'TERAPI'];BaBe - Baca Berita;Indonesia;Aku resmi BaBe - Aplikasi berita pintar yang menyajikan berita terhangat & terlengkap!;;;;;
1,35E+18;11/01/2021 6:59;Part. VII;;;;;;;;;
1,35E+18;11/01/2021 7:12;#SobatHalalMUI, meski vaksin produksi Sinovac halal tlh difatwakan halal dan suci, namun penggunaannya masih menung? https://t.co/7RibDb43x6;['SobatHalalMUI'];Halal Indonesia #LPPOMMUISiap;indonesia;Official Twitter by LPPOM MUI;;;;;
1,35E+18;11/01/2021 7:15;MUI Pusat telah menetapkan bahwa vaksin COVID-19 produksi Sinovac halal dan suci.;;;;;;;;;
1,35E+18;11/01/2021 7:15;Badan Penyelenggara Jaminan Produk Halal (BPJPH) masih menunggu penetapan dari Komisi Fatwa Majelis Ulama Indonesia? https://t.co/3jJ0cDv9xj;;PoskotaJateng;Semarang-Indonesia;Follow=Follback;;;;;
1,35E+18;11/01/2021 7:28;percaya vaksin akhiri pandemi;;;;;;;;;
1,35E+18;11/01/2021 7:46;Ayo Dukung!! Hidup sehat tanpa Covid-19 dengan melakukan vaksinasi covid-19 #vaksinasi https://t.co/1bcPaoTNmO;['vaksinasi'];Geisha Ayu;;;10/12/2020 5:21;16;32;9;Twitter for iPad
1,35E+18;11/01/2021 7:46;Majelis Ulama endonesia psstikan vaksin Covid-19 dr sinovac halal n sucinya #vaksinasi https://t.co/VGCYWNRzAQ;['vaksinasi'];Mia Amelia;;;10/12/2020 7:46;17;46;17;Twitter for Mac
1,35E+18;11/01/2021 7:47;yuks suport !!hidupku sehad tnpa Covid-19 dngan mlkukn vaksinasi covid-19 #vaksinasi https://t.co/C4KBel70aQ;['vaksinasi'];Deandra Putri;;;10/12/2020 5:26;27;34;9;Twitter for Mac
1,35E+18;11/01/2021 7:47;yuks dkung !prgrm vaksinasi covid-19 spy wrga Sumut bbs dr covid-19 #vaksinasi https://t.co/bpiqbkortp;['vaksinasi'];Jihan Keisha;;yuk mutualann;09/12/2020 7:20;11;31;12;Twitter for iPad
1,35E+18;11/01/2021 7:47;necis ustazah Republik Indonesia yakinkan vaksin covid-19 dari sinovac resmi dan sakral #vaksinasi https://t.co/K1heB5DEhn;['vaksinasi'];Sukma Putri;;gaboleh sombong;10/12/2020 3:45;13;28;11;Twitter for Mac
1,35E+18;11/01/2021 7:48;yuk bopong !!membesar waras minus covid-19 dengan melayani vaksinasi covid-19 #vaksinasi https://t.co/RvlhnrurxR;['vaksinasi'];Rania Putri;;be happy;10/12/2020 6:41;19;30;18;Twitter for iPad
1,35E+18;11/01/2021 7:48;yuk bopong !agenda vaksinasi covid-19 biar orang Provinsi Sumatera Utara percuma dari covid-19 #vaksinasi https://t.co/hEPrVEffEY;['vaksinasi'];Rina Ayu;;;09/12/2020 7:57;1;1;3;Twitter for Mac
1,35E+18;11/01/2021 7:48;Majelis Ulama endonesia psstikan vaksin Covid-19 dr sinovac halal dn sucinya #vaksinasi https://t.co/byJ4BWRgcP;['vaksinasi'];Syasqia Ayu;;jangan lupa follback;10/12/2020 3:49;24;50;11;Twitter for Mac
1,35E+18;11/01/2021 7:48;ayok support !!hidupku damang tampa Covid-19 dgan melakukn vaksinasi covid-19 #vaksinasi https://t.co/hijXVOGA7m;['vaksinasi'];Jeihani Putri;;;10/12/2020 6:49;15;37;13;Twitter for Mac
1,35E+18;11/01/2021 7:49;nyok dkng !prgrm vaksinasi covid-19 spya wrga Sumut bbs dri covid-19 #vaksinasi https://t.co/Ca0viN8ilx;['vaksinasi'];Ajeng Sunthi;;follback ya;09/12/2020 8:04;24;33;15;Twitter for Mac
1,35E+18;11/01/2021 7:49;Soal Distribusi #Vaksin di #salatiga , Ketua DPRD Ingin Ada Simulasi #KlikRMOL;;;;;;;;;
1,35E+18;11/01/2021 7:49;marilah gendong !tata olah vaksinasi covid-19 biar kelompok Sumut sukarela dari covid-19 #vaksinasi https://t.co/oFdqOdrUSS;['vaksinasi'];Erni Putri;;;09/12/2020 8:26;6;28;8;Twitter for iPad
1,35E+18;11/01/2021 7:50;marilah bawa !!berjiwa bugar minus covid-19 dengan mengadakan vaksinasi covid-19 #vaksinasi https://t.co/zGhi5xc1e6;['vaksinasi'];Zara Ayu;;be happy;10/12/2020 7:20;22;55;13;Twitter for Mac
1,35E+18;11/01/2021 7:50;ayok dkng !!hidupku sehad tampa Covid-19 dgn mlkukn vaksinasi covid-19 #vaksinasi https://t.co/pHHSJt4OZp;['vaksinasi'];Syifa Tiana;jakarta;everything gona be alright;16/09/2020 3:19;25;27;0;Twitter for Mac
1,35E+18;11/01/2021 7:50;cantik rohaniwan RI yakinkan vaksin covid-19 dari sinovac resmi dan nirmala #vaksinasi https://t.co/qa91nsAh6r;['vaksinasi'];Hanifah Putri;;aku cantik fix no debat;10/12/2020 4:50;57;107;17;Twitter for Mac
1,35E+18;11/01/2021 7:51;#vaksinasi #kankerserviks #kanker #HPV Sering dengar kanker serviks? Begini penjelasan lengkapnya!;;;;;;;;;
1,35E+18;11/01/2021 7:51;ayoo ndukung !prgrm vaksinasi covid-19 spya wargi Sumut bbs dri covid-19 #vaksinasi https://t.co/Ff7eBjmm5P;['vaksinasi'];Gina Amelia;;isiin dong;11/12/2020 10:12;20;44;10;Twitter for Mac
1,35E+18;11/01/2021 7:51;silAkan gendong !!bernapas afiat sonder covid-19 dengan melaksanAkan vaksinasi covid-19 #vaksinasi https://t.co/W3J9t1SSdN;['vaksinasi'];Cika maulani;;Kita semua mahluk fana. Dan semua yang kita kira kita miliki, bisa direnggut dalam sekejap mata.;30/09/2020 8:19;8;32;36;Twitter for Mac
1,35E+18;11/01/2021 7:52;nyok suport !!hdup shat tampa Covid-19 dngan melakukn vaksinasi covid-19 #vaksinasi https://t.co/zoPQQaDLfg;['vaksinasi'];Hanin Dita;;Melepaskan lebih baik dari pada mempertahankan yang tak pantas untuk dipertahankan.;23/10/2020 8:42;47;72;2;Twitter for Mac
1,35E+18;11/01/2021 7:52;ayoo ndukung !prgrm vaksinasi covid-19 spy wrga Sumut bbs dr covid-19 #vaksinasi https://t.co/zI3OIVyQvZ;['vaksinasi'];Mia Amelia;;;10/12/2020 7:46;17;46;17;Twitter for Mac
1,35E+18;11/01/2021 7:54;yuk bawa !tata olah vaksinasi covid-19 biar bani Provinsi Sumatera Utara independen dari covid-19 #vaksinasi https://t.co/rOyhxgkgrI;['vaksinasi'];Sukma Putri;;gaboleh sombong;10/12/2020 3:45;13;28;11;Twitter for Mac
1,35E+18;11/01/2021 7:59;Saksikan Live Press Conference dengan topik Hasil Evaluasi Uji Klinik Terkait Persetujuan Penggunaan Darurat/Ermege? https://t.co/It1ddIaEs8;;MNC Trijaya 104.6 FM;Jakarta;The Real News and Information | Akun Resmi | SMS/WA 08121111046³Phone 021-3921717³FB Fan Page: MNC Trijaya ³ email: redaksi@mnctrijaya.com;09/11/2009 4:43;43748;232;5525;Twitter for iPhone
1,35E+18;11/01/2021 8:16;Kenali fakta-fakta penting tentang vaksin COVID-19.;;;;;;;;;
1,35E+18;11/01/2021 8:48;#Vaksinasi COVID-19 di Sumut dimulai dari Medan, Binjai dan Deliserdang - ANTARA #Covid #Covid19 https://t.co/CFUyHgVmxu;['Vaksinasi', 'Covid', 'Covid19'];Berita Covid;;;31/05/2015 15:19;1164;1338;0;IFTTT
1,35E+18;11/01/2021 8:49;Bila Ada Efek Samping Vaksin Pemerintah Tanggung Biaya Perawatan;;;;;;;;;
1,35E+18;11/01/2021 9:00;Hi sohIB!;;;;;;;;;
1,35E+18;11/01/2021 9:09;Besok, 15 Juta Bahan Baku Vaksin Covid Bakal Tiba Di Tanah Air;;;;;;;;;
1,35E+18;11/01/2021 9:28;Menurut @Abe_Mukti  Muhammadiyah sendiri memiliki tiga sikap terkait program vaksinasi pemerintah. Pertama, Muhamma? https://t.co/8JDdxsTkRb;;Muhammadiyah;Indonesia;Pimpinan Pusat Muhammadiyah;11/09/2009 4:36;199696;87;1369;Twitter Web App
1,35E+18;11/01/2021 9:28;Kedua, jika syarat pertama terpenuhi Muhammadiyah menurutnya akan mendukung agar vaksinasi berjalan dengan sebaik-b? https://t.co/FidrmMU8Qu;;Muhammadiyah;Indonesia;Pimpinan Pusat Muhammadiyah;11/09/2009 4:36;199696;87;1369;Twitter Web App
1,35E+18;11/01/2021 9:28;Ketiga, Muhammadiyah meminta kepada semua pihak untuk menjadikan program vaksinasi sebagai gerakan sosial yang dipe? https://t.co/bMQb06Q6Bo;;Muhammadiyah;Indonesia;Pimpinan Pusat Muhammadiyah;11/09/2009 4:36;199696;87;1369;Twitter Web App
1,35E+18;11/01/2021 9:28;Izin penggunaan darurat vaksin Sinovac diumumkan Kepala BPOM Penny K. Lukito dalam konferensi pers secara virtual,? https://t.co/uvQ6j9Thau;;MNC Trijaya 104.6 FM;Jakarta;The Real News and Information | Akun Resmi | SMS/WA 08121111046³Phone 021-3921717³FB Fan Page: MNC Trijaya ³ email: redaksi@mnctrijaya.com;09/11/2009 4:43;43747;232;5525;Twitter Web App
1,35E+18;11/01/2021 9:45;"Insyaallah berita baik dari Badan Pengawas Obat dan Makanan (BPOM) juga bisa segera menyusul,"" ujar Budi Gunadi.? https://t.co/K7rMdy81Z6";;Validnews Indonesia;Jakarta Capital Region, Indone;Akun resmi https://t.co/55annBI0AZ;;;;;
1,35E+18;11/01/2021 10:00;Tahukah kamu, SohIB?;;;;;;;;;
1,35E+18;11/01/2021 10:04;21 Desember 2020, Badan Pengawas Obat Eropa (EMA) dan Komisi Eropa mengizinkan penggunaan #vaksin virus corona? https://t.co/y4ddLmGwL9;['vaksin'];DW Indonesia;Bonn, Jerman;Tempat diskusi asyik bagi para pecinta sains, teknologi, dan lingkungan! Mau dari Indonesia ????, Jerman ????, dan dunia ??????, semua ada di sini!;01/06/2010 8:42;63496;1089;996;Twitter Web App
1,35E+18;11/01/2021 10:08;Yuk cek faktanya seputar vaksin virus corona di IG Live Eka Hospital bersama @sinar_masid pada hari Rabu, 13 Januar? https://t.co/0WO4Sfnje9;;Eka Hospital;BSD-Pekanbaru-Cibubur-Bekasi;A private general hospital committed to provide quality healthcare services.   https://t.co/mLtp4W9P71;;;;;
1,35E+18;11/01/2021 10:32;Badan Pendapatan PPKAD Kabupaten Tanggamus menyatakan tidak ada instruksi pusat untuk menyediakan penanganan Covid-? https://t.co/DZXAbUUbsk;;Lampung Post (Official);Lampung, Indonesia;Adalah Twitter resmi Harian Umum Lampung Post. Berada dalam naungan PT Masa Kini Mandiri, penerbit Koran Lampung Post;09/02/2018 6:38;2571;4815;169;Twitter Web App
1,35E+18;11/01/2021 10:43;BPOM Beri Izin Vaksin Sinovac dgn Efikasi 65,3% https://t.co/ernQoAgkmK  #vaksin #COVID19;['vaksin', 'COVID19'];Independen.id;DKI Jakarta, Indonesia;Media. Akun resmi https://t.co/rkS9gEYdkJ media sindikasi. Berkolaborasi, tumbuh bersama media lokal, mengangkat isu lokal dan isu penting untuk publik.;05/08/2016 12:05;735;70;6;Twitter Web App
1,35E+18;11/01/2021 10:45;info, Pekan ini tenaga kesehatan di Jabar mulai suntik vaksin Covid cek disini untuk selengkapnya? https://t.co/msZcLrS0lP;;simmanews;Bandung |Promo :082136836896;Portal Media Edukatif dan Inspiratif;02/09/2020 7:47;44;106;109;TweetDeck
1,35E+18;11/01/2021 11:00;BPOM Resmi Keluarkan EUA Untuk Vaksin Sinovac;;;;;;;;;
1,35E+18;11/01/2021 11:06;BPOM (@BPOM_RI) akhirnya mengeluarkan izin penggunaan darurat atau EUA untuk vaksin Covid-19. Penny menyebutkan sud? https://t.co/lXf99CcXwL;;Fix Makassar;South Sulawesi, Indonesia;Part of Pikiran Rakyat Media Network | https://t.co/cyniG6yOWN;;;;;
1,35E+18;11/01/2021 11:26;Perkembangan #vaksin di #Indonesia, diiringi dengan kenaikan kasus #COVID19 yang memaksa kita pada PSBB. Ternyata n? https://t.co/MxYGkyBSoC;['vaksin', 'Indonesia', 'COVID19'];Teleskop;Mostly in Middle Power Nations;Menceritakan dunia lewat cara pandang kita | Telling the stories of the world through our point of view | ? : teleskop0455@gmail.com;23/09/2020 15:59;551;19;21;Twitter for Android
1,35E+18;11/01/2021 11:28;#Tokyo, ibukota #Jepang mencatat refor 2.447 kasus infeksi #COVID19 dalam sehari. Hal ini langsung membuat Perdana? https://t.co/6IgD5OOQ9j;['Tokyo', 'Jepang', 'COVID19'];Teleskop;Mostly in Middle Power Nations;Menceritakan dunia lewat cara pandang kita | Telling the stories of the world through our point of view | ? : teleskop0455@gmail.com;23/09/2020 15:59;551;19;21;Twitter for Android
1,35E+18;11/01/2021 11:29;"Tak tanggung - tanggung, ""soft #lockdown"" yang dilakukan #Jepang dilakukan hingga 7 Februari. Ini membuat mereka ke? https://t.co/dNZxCx88mB";['lockdown', 'Jepang'];Teleskop;Mostly in Middle Power Nations;Menceritakan dunia lewat cara pandang kita | Telling the stories of the world through our point of view | ? : teleskop0455@gmail.com;23/09/2020 15:59;551;19;21;Twitter for Android
1,35E+18;11/01/2021 11:30;Ketua Badan Pengawas Obat dan Makanan (BPOM) Penny Lukito memberikan izin penggunaan darurat atau Emergency Use Aut? https://t.co/UtRNhkDfvo;;TIMES INDONESIA;Wisma Mas Isman Jakarta;Media Online Berjaringan No. 1 Indonesia | Berita Positif Indonesia #cekfakta?;;;;;
1,35E+18;11/01/2021 11:30;"Rupanya, #Jepang juga negara yang diisi oleh #manusia biasa. Mereka terlalu ""santai"" melonggarkan #mobilitas pendud? https://t.co/HfAmOvY2BJ";['Jepang', 'manusia', 'mobilitas'];Teleskop;Mostly in Middle Power Nations;Menceritakan dunia lewat cara pandang kita | Telling the stories of the world through our point of view | ? : teleskop0455@gmail.com;23/09/2020 15:59;551;19;21;Twitter for Android
1,35E+18;11/01/2021 11:32;Profesor penyakit menular dari Universitas #Nagasaki menegaskan bahwa, #Jepang kini sedang mengalami kekurangan? https://t.co/35LltV5D6Y;['Nagasaki', 'Jepang'];Teleskop;Mostly in Middle Power Nations;Menceritakan dunia lewat cara pandang kita | Telling the stories of the world through our point of view | ? : teleskop0455@gmail.com;23/09/2020 15:59;551;19;21;Twitter for Android
1,35E+18;11/01/2021 11:47;Siapa saja yg tidak boleh di Vaksin COVID19?;;;;;;;;;
1,35E+18;11/01/2021 12:05;MUI NYATAKAN VAKSIN COVID19 SINOVAC HALAL;;;;;;;;;
1,35E+18;11/01/2021 12:06;MUI : VAKSIN COVID19 SINOVAC SUCI DAN HALAL;;;;;;;;;
1,35E+18;11/01/2021 12:07;BPOM Terbitkan izin penggunaan darurat vaksin Covid19 buatan sinovac;;;;;;;;;
1,35E+18;11/01/2021 12:07;Lusa Vaksinasi akan Dimulai;;;;;;;;;
1,35E+18;11/01/2021 12:08;Vaksin Covid19 Produksi Sinovac Suci dan Halal;;;;;;;;;
1,35E+18;11/01/2021 12:09;Dengerin ini vaksin yg mengandung Vero Cell;;;;;;;;;
1,35E+18;11/01/2021 12:20;Enam daerah di Provinsi Lampung masuk dalam zona merah atau resiko tinggi penyebaran covid-19.;;;;;;;;;
1,35E+18;11/01/2021 12:33;Selain memberi dukungan, para anggota legislatif (aleg) bersedia menjadi kelompok pertama yang menjalani vaksinasi? https://t.co/f6s8OJMScU;;gopos.id;Kota Gorontalo, Gorontalo;Akun Resmi dari Media Online https://t.co/PhSZB8JLHW;01/12/2018 9:56;236;37;2;WordPress.com
1,35E+18;11/01/2021 12:47;kenapa harus nakes, kan kita ada wakil rakyat, sebagai wakil nya rakyat, seharusnya mereka yang pertama #covid19? https://t.co/4ywmGFsuys;['covid19'];Marsianus Eka Noviantus;;Vox Populi Vox Dei;04/01/2021 0:04;20;83;0;Twitter for Android
1,35E+18;11/01/2021 12:52;Kota Metro kembali memasuki zona merah dengan jumlah kasus sebanyak 345 pasien yang tercatat oleh Dinas Kesehatan s? https://t.co/r4hwZqWZQO;;Lampung Post (Official);Lampung, Indonesia;Adalah Twitter resmi Harian Umum Lampung Post. Berada dalam naungan PT Masa Kini Mandiri, penerbit Koran Lampung Post;09/02/2018 6:38;2571;4815;169;Twitter Web App
1,35E+18;11/01/2021 12:56;Badan POM Akhirnya Resmi Keluarkan Emergency Use Authorization atau Persetujuan penggunaan dalam kondisi kedarurata? https://t.co/ZL7mfviKXe;;Paket~Kilat~Harga~Ekonomis??;Ciledug, Tangerang 021-7315092;?;;;;;
1,35E+18;11/01/2021 13:00;Jelang vaksinasi yang dimulai 13 Januari 2021, izin penggunaan darurat vaksin tersebut sudah dikeluarkan.? https://t.co/y0qxIaVEcc;;VIVAcoid;Jakarta, Indonesia;#1newstainment;;;;;
1,35E+18;11/01/2021 13:10;BPOM (@BPOM_RI) Terbitkan EUA, Komisi Fatwa MUI: Vaksin Sinovac Halal dan Boleh Digunakan Muslim? https://t.co/ziehQuSiT5;;Majelis Ulama Indonesia;Jalan Proklmasi No 51, Menteng;Wadah Ulama, Zuama, dan Cendekiawan Islam di Indonesia.;;;;;
1,35E+18;11/01/2021 13:11;Kasus terkonfirmasi Covid-19 Lampung kembali bertambah 135 orang.;;;;;;;;;
1,35E+18;11/01/2021 13:12;"""Vaksin bukan tiket aman COVID ya gaes, masih ada kemungkinan kita kena (kayak orang yg udah vaksin cacar air, tete? https://t.co/aJBW79wLZt";;Ayu Mashari;;;05/12/2010 13:18;7513;165;1429;Twitter for Android
1,35E+18;11/01/2021 13:19;Vaksin Sinovac Tiba di Yogya, Vaksinasi direncanakan pada Tanggal 14 Januari #vaksin #covid19 #indonesiasehat https://t.co/hxSFREY0AC;['vaksin', 'covid19', 'indonesiasehat'];Borneo Idaman;;repost;25/11/2020 8:09;0;7;4;Twitter for Android
1,35E+18;11/01/2021 13:24;Rumah Sakit Pendidikan (RSP) Unila merawat 9 pasien covid-19 tanpa gejala.;;;;;;;;;
1,35E+18;11/01/2021 13:44;(THREAD);;;;;;;;;
1,35E+18;11/01/2021 13:44;Belakangan kita disibukkan memilih vaksin apa yang paling baik. Atau siapa kelompok yang paling pantas diprioritask? https://t.co/swOGQYgWg3;;Validnews Indonesia;Jakarta Capital Region, Indone;Akun resmi https://t.co/55annBI0AZ;;;;;
1,35E+18;11/01/2021 13:52;Pemerintah berupaya keras mengantisipasi supaya virus corona varian baru tidak sampai ke Indonesia tercinta.? https://t.co/ubPHlHHH6Y;;Kaltim Official;;Informasi memggambarkan kepribadianmu, ingatanmu, keahlianmu.;16/12/2020 15:43;2;30;78;Twitter for Android
1,35E+18;11/01/2021 14:14;"Saksikan iNews Malam ""BPOM Keluarkan Izin Vaksin COVID-19"" sekarang, hanya di iNews!";;;;;;;;;
1,35E+18;11/01/2021 14:16;Harus berjalan efektif, pemerintah akan memulai program vaksinasi COVID-19 pada 13 Januari mendatang.? https://t.co/vWp0kXRUYZ;;newsmerahputih;Jakarta;Official Twitter https://t.co/vTTj2EEZOB Portal Berita Terkini, Portal Media Sosial, Portal Video Sosial.;;;;;
1,35E+18;11/01/2021 14:16;Jelang dua hari sebelum vaksinasi tahap pertama dilakukan, Badan POM akhirnya mengeluarkan izin Emergency use autho? https://t.co/FIDndjwfbZ;;GenPI.co;Indonesia;Download Apps Android: https://t.co/833QEXPjBE?amp=1;;;;;
1,35E+18;11/01/2021 14:29;BPOM akhirnya mengeluarkan izin edar vaksin Covid-19 Sinovac.;;;;;;;;;
1,35E+18;11/01/2021 14:48;Majelis Ulama Indonesia (MUI) mengeluarkan fatwa halal terhadap vaksin Covid-19 produksi Sinovac, Tiongkok, yang di? https://t.co/3wQ9xF4g1g;;Lampung Post (Official);Lampung, Indonesia;Adalah Twitter resmi Harian Umum Lampung Post. Berada dalam naungan PT Masa Kini Mandiri, penerbit Koran Lampung Post;09/02/2018 6:38;2571;4815;169;Twitter Web App
1,35E+18;11/01/2021 14:49;BPOM resmi mengeluarkan izin darurat atau emergency user authorization (UEA) untuk vaksin Covid-19 buatan Sinovac.? https://t.co/qzvBQmqBZD;;Lampung Post (Official);Lampung, Indonesia;Adalah Twitter resmi Harian Umum Lampung Post. Berada dalam naungan PT Masa Kini Mandiri, penerbit Koran Lampung Post;09/02/2018 6:38;2571;4815;169;Twitter Web App
1,35E+18;11/01/2021 14:58;Alasan Darurat, BPOM Setuju Penggunaan Vaksin Sinovac;;;;;;;;;
1,35E+18;11/01/2021 15:12;Dapat Izin Darurat BPOM, Vaksin Sinovac Siap Disuntikkan ke Jokowi 13 Januari #Vaksin #BudiGunadiSadikin #BadanPOM? https://t.co/mQ7gTgI0xR;['Vaksin', 'BudiGunadiSadikin', 'BadanPOM'];BaBe - Baca Berita;Indonesia;Aku resmi BaBe - Aplikasi berita pintar yang menyajikan berita terhangat & terlengkap!;;;;;
1,35E+18;11/01/2021 15:54;"Temen"" gimana nih? Vaksin sudah dapat izin dari BPOM. Tentunya itu akan jadi sentimen positif untuk saham-saham far? https://t.co/cEx1mz9KL7";;Belajar Saham;;How successful you will be, by what you do today.;03/01/2021 14:05;22;11;36;Twitter for Android
1,35E+18;11/01/2021 16:06;Wakil Gubernur NTT Positif COVID-19 #wakilgubernur #Karantina #NusaTenggaraTimur #Vaksin #ViktorLaiskodat? https://t.co/hOoTmIUPW0;['wakilgubernur', 'Karantina', 'NusaTenggaraTimur', 'Vaksin', 'ViktorLaiskodat'];BaBe - Baca Berita;Indonesia;Aku resmi BaBe - Aplikasi berita pintar yang menyajikan berita terhangat & terlengkap!;;;;;
1,35E+18;11/01/2021 16:09;"Jika vaksin hendak di edarkan hrus msuk bpom di cek scra ktat hlal hram nya jgn smpai org brpkir yg tdk"" &amp";;;;;;;;;
1,35E+18;11/01/2021 16:16;Halo semuanya! Hari ini Get Vaccs mau kasih informasi ke kalian tentang vaksinasi pada anak. Udah pada divaksin bel? https://t.co/yslUcKwQ8y;;Get Vaccs??;;Educating?? and Breaking?????? Misconceptions about Vaccination;24/12/2020 10:14;19;0;47;Twitter for Android
1,35E+18;11/01/2021 16:36;Kami siap di encusss nganti ping 3;;;;;;;;;
1,35E+18;11/01/2021 16:41;Selamat malam romo Kyai @gusmusgusmu saya ingin bertanya, jika saya merasa jijik pd vaksin, apakah #vaksin tsb jadi? https://t.co/vUFPIhffw8;['vaksin'];Spirit Spreader;corner of the earth;Paguyuban Rakyat untuk Gerakan Hidup Bermartabat,Makmur,Bersatu (Pagar Gerdu Bambu);11/07/2012 8:13;278;446;2442;Twitter Web App
1,35E+18;11/01/2021 17:08;?? Kepala Dinas (Kadis) Kesehatan Kabupaten Sukabumi H. Harun Al Rasyid mengatakan bahwa diperlukan suatu penanganan? https://t.co/c9pu2h575M;;sukabumiNews.net?;Kota Sukabumi;Media Lokal Berwawasan Internasional | #LintasMedia #Regional #Nasional #Internasional #AsiaNews #WorldNews & #LiputanIslam;11/11/2013 5:21;3863;2775;886;Tumblr
1,35E+18;11/01/2021 22:05;Vaksinasi Mengakhiri Pandemi Covid-19 Menuju Herd Immunity;;;;;;;;;
1,35E+18;12/01/2021 0:13;Asrorun Niam Sholeh dari MUI menyampaikan setelah mendapatkan UEA dari Badan POM, MUI akan melakukan finalisasi fat? https://t.co/tou1BXWZrU;;#AkunResmiBalai;;;26/06/2015 2:02;220;60;4;Twitter Web App
1,35E+18;12/01/2021 0:19;Vaksin kan obat pencegah kan kayak imunisasi.;;;;;;;;;
1,35E+18;12/01/2021 1:02;Ketua Umum Ikatan Dokter Indonesia (IDI), Daeng M. Faqih, mengimbau agar masyarakat menghentikan polemik seputar va? https://t.co/v53898Oe6C;;Validnews Indonesia;Jakarta Capital Region, Indone;Akun resmi https://t.co/55annBI0AZ;;;;;
1,35E+18;12/01/2021 1:05;Badan pengawas obat dan makanan (BPOM) pada tgl 11 jan'21 telah memberikan persetujuan penggunaan dlm kondisi Emerg? https://t.co/TUgkjkQjFp;;MariaMey;;The Truth May Hurt For a Little While, but a Lie hurts Forever.;25/04/2015 5:24;3007;2368;26400;Twitter for Android
1,35E+18;12/01/2021 1:32;Vaksinasi Tahap Pertama di Jateng, akan Dilakukan di Semarang dan Solo #KabupatenSemarang #Vaksinasi? https://t.co/ff6fq3k5iX;['KabupatenSemarang', 'Vaksinasi'];BaBe - Baca Berita;Indonesia;Aku resmi BaBe - Aplikasi berita pintar yang menyajikan berita terhangat & terlengkap!;;;;;
1,35E+18;12/01/2021 1:48;Terapkan PPKM, Warga Surabaya Diminta Tak Keluar Rumah Sendiri saat Malam #Tokokelontong #Virus #LetnanKolonel? https://t.co/2CbcsP6Ctp;['Tokokelontong', 'Virus', 'LetnanKolonel'];BaBe - Baca Berita;Indonesia;Aku resmi BaBe - Aplikasi berita pintar yang menyajikan berita terhangat & terlengkap!;;;;;
"#IndonesiaKuat https://t.co/Evbxh9clUq""";['Vaksin', 'Pandemi', 'Indonesia', 'Virus', 'IndonesiaKuat'];Ananda Jaya;;;31/10/2017 22:54;294;379;1351;FALSE;Twitter for Android;0
1,35E+18;12/01/2021 2:02;BPOM: Vaksin Sinovac Covid-19 Aman, MUI pun Resmi Keluarkan Fatwa Suci &amp;;;;;;;;;
1,35E+18;12/01/2021 2:11;Setelah EUA Resmi Dikeluarkan BPOM, MUI Nyatakan Vaksin Covid-19 Buatan Tiongkok Sinovac Halal;;;;;;;;;
1,35E+18;12/01/2021 2:18;Kesediaan Presiden untuk menjadi yg pertama sebagai penerima #vaksin ini tentunya dimaksudkan agar rakyat Indonesia? https://t.co/pzodbeSlGM;['vaksin'];Ahmad Ali;Jakarta Capital Region, Indonesia;Wakil Ketua Umum @NasDem ? Ketua @fraksi_nasdem DPR RI ? Anggota Komisi III @dpr_ri ? #SulawesiTengah #NasDemPeduli;18/12/2017 14:56;2121;60;47;Twitter for iPhone
1,35E+18;12/01/2021 2:20;Warga Yang Tolak di Vaksin Bisa Dipenjara https://t.co/XUkgfBu6jF #Vaksin #tolakvaksin #kesehatan;['Vaksin', 'tolakvaksin', 'kesehatan'];??C?h?r?i?s?t?t?p?s?;;? BROADCASTER ????;;;;;
1,35E+18;12/01/2021 2:43;Kemanjuran Vaksin Sinovac di Indonesia 65,3% Beda Dengan Hasil di Turki dan Brazil, Ini Sebabnya #Vaksin #Virus? https://t.co/K0lPyHtnZU;['Vaksin', 'Virus'];BaBe - Baca Berita;Indonesia;Aku resmi BaBe - Aplikasi berita pintar yang menyajikan berita terhangat & terlengkap!;;;;;
1,35E+18;12/01/2021 2:43;BPOMÿSetujuÿGunakan Vaksin COVID-19 Produksi Sinovac https://t.co/TeSkfZ5n9M #kemenkes #satgascovid19 #vaksin? https://t.co/lG0hLQURJq;['kemenkes', 'satgascovid19', 'vaksin'];detakpos;Bojonegoro, Indonesia;;22/07/2017 6:20;28;242;282;Twitter Web App
1,35E+18;12/01/2021 2:48;Vaksinasi Covid di Lamsel Diperkirakan Akhir Januari Atau Awal Februari;;;;;;;;;
"#Vox #Hoax #Vaksin #Inggris #IDN #China #Sinovac #Vaksinasi #Corona #coronavirus? https://t.co/OefGuMlbDG""";['Vox', 'Hoax', 'Vaksin', 'Inggris', 'IDN', 'China', 'Sinovac', 'Vaksinasi', 'Corona', 'coronavirus'];Rakyat Merdeka;Graha Pena, Kebayoran Lama 12;Official Twitter of Rakyat Merdeka | The Political Newsleader | Web: https://t.co/0ulMBMELYr| FB: Rakyat Merdeka | IG @rakyatmerdeka1999 | https://t.co/wLwCDX4qmy;22/03/2016 13:54;1607;204;259;FALSE;Twitter for Android;3
1,35E+18;12/01/2021 3:04;Kabupaten Probolinggo Siap Laksanakan Vaksinasi Covid-19 https://t.co/jOV0gUkjgY #corona #COVID #vaksin;['corona', 'COVID', 'vaksin'];Kraksaan Online Dot ID;šT: -7.75632,113.40272;Official Account News Portal Kraksaan Online;25/08/2011 3:30;510;66;43;kraksaan
1,35E+18;12/01/2021 3:05;Kepala Badan POM mengatakan vaksin CoronaVac yang telah diuji klinis di Indonesia memenuhi persyaratan mendapatkan? https://t.co/yXh04VdFuV;;IDN Globe;Jakarta, Indonesia;The new your digital media for information today | Mail to info(at)idnglobe(dot)com | Follow our IG (at)idnglobe | #idnglobe;04/06/2020 2:56;10;15;3;Hootsuite Inc.
1,35E+18;12/01/2021 3:08;Tidak usah lah tanyakan mau atau tidak disuntik #vaksinChina... Yang harus ditanyakan ad/ kenapa si China menciptak? https://t.co/D35GIc6Qf1;['vaksinChina'];Frederich Andry T.;;(Sering) makan 2(dua) siung bawang putih mentah, penangkal #ilmudukun santet/teluh/doti... ?? https://t.co/xppNwI76V4 & https://t.co/tp2kWLMeCt;31/05/2013 23:03;3;18;4119;Twitter for Android
1,35E+18;12/01/2021 3:08;Walau sudah di #vaksin tetap wajib 3M;;;;;;;;;
"#vaksinuntukkita https://t.co/ZYRWMfKyIo""";['vaksin', 'vaksinuntukkita'];NawaCita2024;Jakarta Capital Region, Indone;just ordinary people;18/05/2011 11:50;344;281;3064;FALSE;Twitter for Android;8
1,35E+18;12/01/2021 3:09;@CNNIndonesia Tidak usah lah tanyakan mau atau tidak disuntik #vaksinChina... Yang harus ditanyakan duluan ad/ kena? https://t.co/z9H3HFrMJj;['vaksinChina'];Frederich Andry T.;;(Sering) makan 2(dua) siung bawang putih mentah, penangkal #ilmudukun santet/teluh/doti... ?? https://t.co/xppNwI76V4 & https://t.co/tp2kWLMeCt;31/05/2013 23:03;3;18;4119;Twitter for Android
1,35E+18;12/01/2021 3:09;https://t.co/sLbZJ0n3EW, #Kediri? Alur pelayanan #Vaksinasi covid-19 Kota #Kediri, dilakukan mulai dari tahap Penda? https://t.co/YeTlhZYQPp;['Kediri', 'Vaksinasi', 'Kediri'];IG - satukanalcom;Malang, Jawa Timur;Media Online Cepat, Akurat, dan Terpercaya;;;;;
1,35E+18;12/01/2021 3:11;Ayooo kita sukseskan #Vaksinasi #COVID19 https://t.co/flPJLh9EzH;['Vaksinasi', 'COVID19'];NawaCita2024;Jakarta Capital Region, Indone;just ordinary people;18/05/2011 11:50;344;281;3064;Twitter for Android
1,35E+18;12/01/2021 3:12;Saksikan Live Press Conference mengenai Kedatangan Vaksin COVID-19 Tahap Ketiga. Selasa, 12 Januari 2021 Pukul 12.2? https://t.co/sQEeKFTOtI;;MNC Trijaya 104.6 FM;Jakarta;The Real News and Information | Akun Resmi | SMS/WA 08121111046³Phone 021-3921717³FB Fan Page: MNC Trijaya ³ email: redaksi@mnctrijaya.com;09/11/2009 4:43;43747;232;5525;Twitter for iPhone
1,35E+18;12/01/2021 3:15;Mau divaksin ?;;;;;;;;;
"#vaksin #VaksinSinovac #sinovac""";['vaksin', 'VaksinSinovac', 'sinovac'];sobatmagang_id;Indonesia;Magang | Lowongan Kerja | Freelance | Volunteer | Beasiswa | Sharing Session #MagangID ?? hello@magang-id.com;29/11/2020 1:39;431;32;317;FALSE;Twitter for iPhone;1
1,35E+18;12/01/2021 3:18;POLRES MERAUKE DAPAT 20 DOSIS VAKSIN ?????? #LawanCovid19 #Vaksin;;;;;;;;;
1,35E+18;12/01/2021 3:29;Berdasarkan pertimbangan kemaslahatan umum, tingkat kedaruratan utama (martabat dlaruri) serta demi menyelamatkan k? https://t.co/JZDZWRaaeg;;Muhammadiyah;Indonesia;Pimpinan Pusat Muhammadiyah;11/09/2009 4:36;199696;87;1369;Twitter Web App
1,35E+18;12/01/2021 3:29;"Home Service Rumah Sakit ""JIH"", lebih praktis, aman, nyaman, dan bebas antrian!";;;;;;;;;
1,35E+18;12/01/2021 3:37;Top News Koran Rakyat Merdeka;;;;;;;;;
Kalau Mencret-mencret;" Jangan Kaget Dan Pa? https://t.co/HXiPs7nVYs""";;Rakyat Merdeka;Graha Pena, Kebayoran Lama 12;Official Twitter of Rakyat Merdeka | The Political Newsleader | Web: https://t.co/0ulMBMELYr| FB: Rakyat Merdeka | IG @rakyatmerdeka1999 | https://t.co/wLwCDX4qmy;22/03/2016 13:54;1607;204;259;FALSE;3
1,35E+18;12/01/2021 3:41;IDI: Stop Polemik, Nakes Jangan Takut Divaksin Covid-19 https://t.co/ervjiyO2NN via @harianbatampos;;;;;;;;;
"#COVID19 #Vaksin""";['COVID19', 'Vaksin'];Batam Pos;Batam;Official Twitter of Batam Pos | Dapatkan Informasi Terbaru dan Akurat dari Batam dan Kepri;04/06/2020 7:35;71;2;0;FALSE;Twitter Web App;0
1,35E+18;12/01/2021 3:49;Eforia #vaksin menuju Herd Immunity dengan berpikir kritis dan jernih - perjalanan panjang COVID-19 tidak segera be? https://t.co/K7yF6RwqoR;['vaksin'];Arnold Mamesah MA;Jakarta;Infrastructures Economics :;;;;;
"#BPOM #EUA #vaksin #COVID19""";['BPOM', 'EUA', 'vaksin', 'COVID19'];PMJNEWS;;Official akun @pmjnews;;;;;;;
1,35E+18;12/01/2021 4:20;HALAL sudah, BPOM sudah, entaskan polemik, saatnya vaksinasi untuk herd immunity #VaksinHalal #Vaksin https://t.co/OGmMX9lxoU;['VaksinHalal', 'Vaksin'];InfoImunisasi;Bandung, Indonesia;Akun Informasi Terlengkap mengenai Imunisasi & Seputar Kesehatan | Imunisasi.info@gmail.com | IG: @infoimunisasicom | Facebook Fanpage: @InfoImunisasi;02/05/2011 4:27;47120;1205;101;Twitter for Android
1,35E+18;12/01/2021 4:20;Alhamdulillah fatwa halal vaksin sinovac oleh MUI sudah final, setelah otoritas BPOM @BPOM_RI  menyatakan vaksin in? https://t.co/UDmteBMJT6;;Majelis Ulama Indonesia;Jalan Proklmasi No 51, Menteng;Wadah Ulama, Zuama, dan Cendekiawan Islam di Indonesia.;;;;;
1,35E+18;12/01/2021 4:48;Mari kita dukung program vaksinasi Covid-19 agar indonesia terbebas dari pandemi.;;;;;;;;;
1,35E+18;12/01/2021 4:50;Info boker pagi ini ditemani kopi hitam buatan que dan berita wajib vaksin yang membuat hasrat boker ku menghilang #vaksin;['vaksin'];darksideoftintin;;human;02/06/2019 1:48;2;30;5;Twitter for iPhone
1,35E+18;12/01/2021 4:54;Sanksi pidana bagi penolak vaksin.;;;;;;;;;
1,35E+18;12/01/2021 5:42;Ridwan Kamil Ceritakan Efek 2 Kali Disuntik Vaksin Covid-19: Pegal dan Linu 1 Jam, Ngantuk... #RidwanKamil? https://t.co/y6P7nt5JcP;['RidwanKamil'];BaBe - Baca Berita;Indonesia;Aku resmi BaBe - Aplikasi berita pintar yang menyajikan berita terhangat & terlengkap!;;;;;
1,35E+18;12/01/2021 5:46;Tips Mencegah penyakit tipus dan layanan VACCINE CENTER @rspkusolo;;;;;;;;;
1,35E+18;12/01/2021 6:09;Heran kenapa masih pakai Sinovac, lebih mahal iya, akurasi rendah iya, uji yang belum selesai iya, perushaan pembua? https://t.co/mwzcrALp2m;;llllll;United States;;27/05/2010 13:36;258;309;99;Twitter for iPhone
1,35E+18;12/01/2021 6:10;Perjalanan Vaksin Sinovac;;;;;;;;;
1,35E+18;12/01/2021 6:19;udahlah, ayok berubah dan bergerak;;;;;;;;;
1,35E+18;12/01/2021 6:24;26 Ribu Pejabat, Tokoh dan Tenaga Kesehatan Sumut akan Divaksin Januari, Begini Teknisnya;;;;;;;;;
1,35E+18;12/01/2021 6:28;Masih bingung perihal vaksin? Swipe left!;;;;;;;;;
"#HumasSetdaPati #PatiLawanCorona #Vaksinasi #VaksinCovid19? https://t.co/vH4eFG2y3m""";['HumasSetdaPati', 'PatiLawanCorona', 'Vaksinasi', 'VaksinCovid19'];Prokompim Pati;Pati, Indonesia;Bagian Protokol dan Komunikasi Pimpinan (Prokompim) Setda Kabupaten Pati;13/08/2015 12:25;1150;110;379;FALSE;Instagram;0
1,35E+18;12/01/2021 6:30;Alhamdulillah fatwa halal vaksin sinovac oleh MUI sudah final, setelah otoritas BPOM @BPOM_RI  menyatakan vaksin in? https://t.co/lVMGBtaCgp;;Majelis Ulama Indonesia Jawa Timur (MUI JATIM);Kota Surabaya, Jawa Timur;Akun Resmi MUI Jatim ? Rumah Besar Ulama Zu'ama dan Cendekiawan Muslim ? Menyebarkan Islam Wasathiyah ?;24/12/2020 14:11;47;2;27;Instagram
1,35E+18;12/01/2021 6:31;Sebanyak 15 juta dosis vaksin baru saja tiba di Bandara Soekarno-Hatta, Jakarta. #vaksinasi;['vaksinasi'];IraSoenjotoKaminsky;;Cucu bungsu Bambang Soenjoto dan Klara Havel-Kaminsky, pelajar Indonesia di Cekoslowakia tahun 1961. Kini menetap di Jakarta/Cirebon dan pembela Merah Putih.;25/04/2013 7:24;3798;152;2955;Twitter for Android
1,35E+18;12/01/2021 6:44;Nih denger #TolakDivaksinSinovac #Vaksin #COVID19 https://t.co/px1Twhb3aL;['TolakDivaksinSinovac', 'Vaksin', 'COVID19'];arisartawan;Bali, Indonesia;@chelseafc @baliutd;25/02/2010 9:26;318;325;136;Twitter for iPhone
1,35E+18;12/01/2021 6:48;15 Juta Dosis Bulk Vaksin Sinovac Tiba di Indonesia #Vaksin #BioFarma #Soetta #Vaksinasi https://t.co/k6YYlt3gTH https://t.co/CrIYILAHb4;['Vaksin', 'BioFarma', 'Soetta', 'Vaksinasi'];BaBe - Baca Berita;Indonesia;Aku resmi BaBe - Aplikasi berita pintar yang menyajikan berita terhangat & terlengkap!;;;;;
1,35E+18;12/01/2021 6:55;Istana: Jokowi Divaksin Corona Rabu Pagi #Vaksinasi #DepKes #Vaksin https://t.co/pz33P9GhuD https://t.co/2raxhaFmaS;['Vaksinasi', 'DepKes', 'Vaksin'];BaBe - Baca Berita;Indonesia;Aku resmi BaBe - Aplikasi berita pintar yang menyajikan berita terhangat & terlengkap!;;;;;
1,35E+18;12/01/2021 7:05;MUI Banten: Sebelum Masyarakat, Kepala Daerah Wajib Disuntik Vaksin Terlebih Dulu - https://t.co/d6vhyP6enD? https://t.co/K6KPEyoP70;;Republik Merdeka Banten;;Mengabarkan informasi terkini, faktual, kritis dan anti hoax.;26/11/2014 23:54;865;115;144;Twitter Web App
1,35E+18;12/01/2021 7:16;Menkes: Bahan Baku untuk Produksi 15 Juta Vaksin COVID-19 Datang Hari Ini #Vaksin #VaksinCorona #VaccineStrategy https://t.co/6blW8gqiRF;['Vaksin', 'VaksinCorona', 'VaccineStrategy'];inno kribow;Jakarta;Journalist, writers | traveller | @kribotrip | coffee lover | My Life, My choices, My mistakes, and My lessons is not your business.;28/02/2010 19:01;1165;1236;72;Twitter Web App
1,35E+18;12/01/2021 7:24;China Manfaatkan Sertifikat Halal MUI untuk Memasarkan Vaksin Sinovac ke Negara-Negara Islam #Vaksin #mui #Litbang? https://t.co/mpmQ5HjbtO;['Vaksin', 'mui', 'Litbang'];BaBe - Baca Berita;Indonesia;Aku resmi BaBe - Aplikasi berita pintar yang menyajikan berita terhangat & terlengkap!;;;;;
1,35E+18;12/01/2021 7:27;UU Kesehatan RI No. 36 Tahun 2009;;;;;;;;;
1,35E+18;12/01/2021 7:34;Abis baca2 tentang thread2 #Vaksin #Sinovac, dr efikasi dan efeknya, kayaknya hasilnya sama aja divaksin sama g div? https://t.co/RghqcoRwtL;['Vaksin', 'Sinovac'];amed ???? ????? ?;;a Man who loves GREEN colour.. a blue blacked blood Man #ForzaInter.. And #LeedsUnited lover..;;;;;
1,35E+18;12/01/2021 7:38;Dua hari jelang #vaksin, keinget jaman sekolah lari saat mau disuntik. Tpi kalau sekarang mgkin lari karena takut efek samping. Aasudahlah;['vaksin'];Ainruk;;Jurnalis,;10/01/2021 14:50;0;0;0;Twitter for Android
1,35E+18;12/01/2021 7:40;26 Ribu Pejabat, Tokoh dan Tenaga Kesehatan Sumut akan Divaksin Januari, Begini Teknisnya;;;;;;;;;
1,35E+18;12/01/2021 7:55;Menag Minta Umat Tak Ragu Ikut Program #vaksinisasi. Kunjungi https://t.co/bhoMR2cuG2 . #covid #hdp #Kemenag? https://t.co/gasLAieEaq;['vaksinisasi', 'covid', 'hdp', 'Kemenag'];ProKabar.com;Indonesia;Profesional mengabarkan;10/05/2017 13:42;113;8;6;Prokabar.com
1,35E+18;12/01/2021 7:57;Bakal Ditayangkan Secara Live Streaming;;;;;;;;;
1,35E+18;12/01/2021 8:02;Yang Khawatir Divaksin Corona, Lihat Saja Kondisi Gubernur Ridwan Kamil #news #jabar #JawaBarat #vaksin #COVID19 https://t.co/wphMAWLBxk;['news', 'jabar', 'JawaBarat', 'vaksin', 'COVID19'];askara;Jakarta;Media Nasional Sahabat Indonesia -;;;;;
1,35E+18;12/01/2021 8:05;Presiden RI Joko Widodo dijadwalkan menjalani vaksinasi perdana Covid-19 pada Rabu 13 Januari 2021, pagi hari.? https://t.co/OiLYMkpTnP;;Acuantodaycom;DKI Jakarta, Indonesia;Acuantoday Media millenial, Diskusi lebih berisi;;;;;
"#vaksin https://t.co/hNVPhl4Pls""";['soksi', 'vaksin'];HENDRIAWAN ANGGA;Cirebon Jawa Barat;Jadi Pengusaha Tahu Gejrot Khas Cirebon dan tetap jadi politisi muda;27/04/2010 6:30;205;547;17;FALSE;Twitter for Android;0
1,35E+18;12/01/2021 8:06;Video: Vaksin COVID-19 Tahap 3 Tiba, Doni Monardo: Kita Harus Bersyukur;;;;;;;;;
"#COVID19 #Sinovac #Vaksin #VaksinCOVID19? https://t.co/weVbG6tiox""";['COVID19', 'Sinovac', 'Vaksin', 'VaksinCOVID19'];BeritaSatu;Jakarta;BeritaSatu Media Holdings: https://t.co/oEA5BcF5oJ dan BeritaSatu TV.;10/06/2010 11:12;727226;208;16;TRUE;Twitter Web App;0
1,35E+18;12/01/2021 8:11;Kamis Besok Disuntik, Ganjar Jadi Orang Pertama Yang Terima Vaksin Covid Di Jawa Tengah;;;;;;;;;
1,35E+18;12/01/2021 8:12;Kamis Besok, Kota Dan Kabupaten Semarang Serta Kota Surakarta Siap Jalankan Vaksinasi Perdana Covid-19? https://t.co/28BoAPl2rj;;Rakyat Merdeka;Graha Pena, Kebayoran Lama 12;Official Twitter of Rakyat Merdeka | The Political Newsleader | Web: https://t.co/0ulMBMELYr| FB: Rakyat Merdeka | IG @rakyatmerdeka1999 | https://t.co/wLwCDX4qmy;22/03/2016 13:54;1607;204;259;Twitter for Android
1,35E+18;12/01/2021 8:15;Semua warga Indonesia diwajibkan turut serta dalam program vaksinasi Sinovac. Pemerintah akan memberikan sanksi pid? https://t.co/SWqNd91MsB;;Dealio.id;Jakarta Capital Region;Siap Jadi #JuaraUntungnya?;28/01/2019 7:26;503;11;9;Twitter Web App
1,35E+18;12/01/2021 8:16;Fatwa MUI diharapkan untuk redam hoaks perihal vaksin COVID-19.;;;;;;;;;
1,35E+18;12/01/2021 8:23;Menag: Vaksin Sinovac Halal Tak Mengandung Bagian Tubuh Manusia maupun Babi;;;;;;;;;
1,35E+18;12/01/2021 8:27;Penny K Lukito (Kepala Badan Pengawasan Obat dan Makanan/BPOM) menyatakan, Vaksin Sinovac Aman, berkhasiat. Mampu t? https://t.co/CwyHRPInDU;;Syasqia Ayu;;jangan lupa follback;10/12/2020 3:49;24;50;11;Twitter for Mac
1,35E+18;12/01/2021 8:27;Penny K Lukito (Kepala Badan Pengawasan Obat dan Makanan/BPOM) menyatakan badan POM memberikan Emergency Use Author? https://t.co/oWswAu8um9;;Jihan Keisha;;yuk mutualann;09/12/2020 7:20;12;31;12;Twitter for iPad
1,35E+18;12/01/2021 8:28;Sah BPOM beri izin Vaksin Covid-19 Sinovac #vaksinasi https://t.co/tpgGSWjIXq;['vaksinasi'];Geisha Ayu;;;10/12/2020 5:21;16;32;9;Twitter for iPad
1,35E+18;12/01/2021 8:28;Penny K Lukito ( kpala Badan Pengawasan Obat dn Makanan/BPOM ) menyatakan badan POM ngasih Emergency Use Authorizat? https://t.co/BsFWk6uO5X;;Rina Ayu;;;09/12/2020 7:57;1;1;3;Twitter for Mac
1,35E+18;12/01/2021 8:28;Penny K Lukito ( kpala Badan Pengawasan Obat &amp;;;;;;;;;
1,35E+18;12/01/2021 8:29;syah BPOM beri ijin Vaksin Covid-19 Sinovac #vaksinasi https://t.co/hyXpDGv1Ii;['vaksinasi'];Deandra Putri;;;10/12/2020 5:26;26;34;9;Twitter for Mac
1,35E+18;12/01/2021 8:29;penny K lukito ( kepala dewan penjagaan remedi dan makanan/bpom ) mengemukakan raga POM mengagih emergency use auth? https://t.co/QXivNuMIgQ;;Ajeng Sunthi;;follback ya;09/12/2020 8:04;24;33;15;Twitter for Mac
1,35E+18;12/01/2021 8:29;penny K lukito ( kepala awak pemeliharaan remedi dan makanan/bpom ) menyatakan. vaksin sinovac aman. berkhasiat. ku? https://t.co/iEYMwMmnPI;;Geisha Ayu;;;10/12/2020 5:21;16;32;9;Twitter for iPad
1,35E+18;12/01/2021 8:29;Penny K Lukito (Kepala Badan Pengawasan #vaksinasi https://t.co/rtHnLm0MHh;['vaksinasi'];Ajeng Sunthi;;follback ya;09/12/2020 8:04;24;33;15;Twitter for Mac
1,35E+18;12/01/2021 8:29;terang Badan Pengawasan Obat dan Makanan ongkosi pangestu vaksin covid-19 sinovac #vaksinasi https://t.co/2QXD4ZDJLa;['vaksinasi'];Rania Putri;;be happy;10/12/2020 6:41;19;30;18;Twitter for iPad
1,35E+18;12/01/2021 8:30;Penny K Lukito ( kpala Badan Pengawasan Obat dn Makanan/BPOM ) menyatakan badan POM ngasih Emergency Use Authorizat? https://t.co/lr2sfKGsVl;;Erni Putri;;;09/12/2020 8:26;6;28;8;Twitter for Mac
1,35E+18;12/01/2021 8:30;Penny K Lukito ( kpala Badan Pengawasan Obat dn Makanan/BPOM ) menyatakan, Vaksin Sinovac Aman, berkhasiat. mampuh? https://t.co/v2PqDeQt93;;Deandra Putri;;;10/12/2020 5:26;26;34;9;Twitter for Mac
1,35E+18;12/01/2021 8:30;Penny K Lukito ( kpala Badan Pengawasan #vaksinasi https://t.co/b9Pcj9kEyK;['vaksinasi'];Erni Putri;;;09/12/2020 8:26;6;28;8;Twitter for Mac
1,35E+18;12/01/2021 8:30;sempurna Badan Pengawasan Obat dan Makanan distribusikan per-kenan vaksin covid-19 sinovac #vaksinasi https://t.co/A5FjhmSK0z;['vaksinasi'];Jeihani Putri;;;10/12/2020 6:49;16;38;13;Twitter for Mac
1,35E+18;12/01/2021 8:30;penny K lukito ( kepala komisi pengamatan remedi dan makanan/bpom ) menjelaskan akademi POM menurunkan emergency us? https://t.co/wiGm24q3Og;;Gina Amelia;;isiin dong;11/12/2020 10:12;20;44;10;Twitter for Mac
1,35E+18;12/01/2021 8:30;penny K lukito ( kepala institusi pemeliharaan remedi dan makanan/bpom ) menyatakan. vaksin sinovac aman. berkhasia? https://t.co/cpLyII18qd;;Rania Putri;;be happy;10/12/2020 6:41;19;30;18;Twitter for iPad
1,35E+18;12/01/2021 8:31;penny K lukito ( kepala fisik penilikan #vaksinasi https://t.co/0A5eU6EEOb;['vaksinasi'];Gina Amelia;;isiin dong;11/12/2020 10:12;20;44;10;Twitter for Mac
1,35E+18;12/01/2021 8:31;sempurna Badan Pengawasan Obat dan Makanan silakan restu vaksin covid-19 sinovac #vaksinasi https://t.co/3tJ4IMlRbf;['vaksinasi'];Zara Ayu;;be happy;10/12/2020 7:20;22;55;13;Twitter for Mac
1,35E+18;12/01/2021 8:31;Penny K Lukito ( kpala Badan Pengawasan Obat dn Makanan/BPOM ) menyatakan, Vaksin Sinovac Aman, berkhasiat. msmpu t? https://t.co/Dn8CjVrmLQ;;Jeihani Putri;;;10/12/2020 6:49;16;38;13;Twitter for Mac
1,35E+18;12/01/2021 8:31;makbul Badan Pengawasan Obat dan Makanan bayari pangestu vaksin covid-19 sinovac #vaksinasi https://t.co/BYxcVWFp8n;['vaksinasi'];Syifa Tiana;jakarta;everything gona be alright;16/09/2020 3:19;25;27;0;Twitter for Mac
1,35E+18;12/01/2021 8:32;penny K lukito ( kepala yayasan pemeriksaan remedi dan makanan/bpom ) menyatakan. vaksin sinovac aman. berkhasiat.? https://t.co/gE3Mr8SVvZ;;Zara Ayu;;be happy;10/12/2020 7:20;22;55;13;Twitter for Mac
1,35E+18;12/01/2021 8:32;penny K lukito ( kepala awak supervisi remedi dan makanan/bpom ) menyampaikan konsorsium POM menganugerahkan emerge? https://t.co/5v2LHR5HmG;;Mia Amelia;;;10/12/2020 7:46;16;45;17;Twitter for Mac
1,35E+18;12/01/2021 8:32;Penny K Lukito ( pala Badan Pengawasan #vaksinasi https://t.co/C0hI2xTTNV;['vaksinasi'];Mia Amelia;;;10/12/2020 7:46;16;45;17;Twitter for Mac
1,35E+18;12/01/2021 8:32;makbul Badan Pengawasan Obat dan Makanan bayari restu vaksin covid-19 sinovac #vaksinasi https://t.co/2HGTBUMLqc;['vaksinasi'];Cika maulani;;Kita semua mahluk fana. Dan semua yang kita kira kita miliki, bisa direnggut dalam sekejap mata.;30/09/2020 8:19;8;31;36;Twitter for iPad
1,35E+18;12/01/2021 8:32;penny K lukito ( kepala kelompok inspeksi penawar dan makanan/bpom ) menyatakan. vaksin sinovac aman. berkhasiat. b? https://t.co/mvovFbmC3J;;Syifa Tiana;jakarta;everything gona be alright;16/09/2020 3:19;25;27;0;Twitter for Mac
1,35E+18;12/01/2021 8:33;Penny K Lukito ( kpala Badan Pengawasan Obat n Makanan/BPOM ) menyatakan badan POM mberikan Emergency Use Authoriza? https://t.co/cbIBBUTi0a;;Sukma Putri;;gaboleh sombong;10/12/2020 3:45;13;28;11;Twitter for Mac
1,35E+18;12/01/2021 8:33;penny K lukito ( kepala jawatan kuasa pencegahan #vaksinasi https://t.co/uGxQfXXm6A;['vaksinasi'];Sukma Putri;;gaboleh sombong;10/12/2020 3:45;13;28;11;Twitter for Mac
1,35E+18;12/01/2021 8:33;sahih Badan Pengawasan Obat dan Makanan utarakan persetujuan vaksin covid-19 sinovac #vaksinasi https://t.co/L30gEtYpQ0;['vaksinasi'];Hanin Dita;;Melepaskan lebih baik dari pada mempertahankan yang tak pantas untuk dipertahankan.;23/10/2020 8:42;47;71;2;Twitter for Mac
1,35E+18;12/01/2021 8:33;Penny K Lukito ( pala Badan Pengawasan Obat dn Makanan/BPOM ) menyatakan, Vaksin Sinovac Aman, berkhasiat. msmpu tu? https://t.co/VeWYPqnrPf;;Cika maulani;;Kita semua mahluk fana. Dan semua yang kita kira kita miliki, bisa direnggut dalam sekejap mata.;30/09/2020 8:19;8;31;36;Twitter for Mac
1,35E+18;12/01/2021 8:34;penny K lukito ( kepala majelis kontrol #vaksinasi https://t.co/PFbYx7lTfA;['vaksinasi'];Syasqia Ayu;;jangan lupa follback;10/12/2020 3:49;24;50;11;Twitter for Mac
1,35E+18;12/01/2021 8:34;penny K lukito ( kepala lembaga pemeriksaan penawar dan makanan/bpom ) memaklumkan institut POM mengamalkan emergen? https://t.co/qkNJ30OjGj;;Syasqia Ayu;;jangan lupa follback;10/12/2020 3:49;24;50;11;Twitter for Mac
1,35E+18;12/01/2021 8:34;asi Badan Pengawasan Obat dan Makanan modali persetujuan vaksin covid-19 sinovac #vaksinasi https://t.co/iCZLReqSl3;['vaksinasi'];Jihan Keisha;;yuk mutualann;09/12/2020 7:20;12;31;12;Twitter for Mac
1,35E+18;12/01/2021 8:34;Sampurasun wargi Jabar ??;;;;;;;;;
1,35E+18;12/01/2021 8:34;penny K lukito ( kepala persatuan perlindungan penawar dan makanan/bpom ) menyatakan. vaksin sinovac aman. berkhasi? https://t.co/hBKTVq7obe;;Hanin Dita;;Melepaskan lebih baik dari pada mempertahankan yang tak pantas untuk dipertahankan.;23/10/2020 8:42;47;71;2;Twitter for Mac
1,35E+18;12/01/2021 8:34;Penny K Lukito ( pala Badan Pengawasan Obat dn Makanan/BPOM ) menyatakan badan POM mberikan Emergency Use Authoriza? https://t.co/2yw15PHHt1;;Hanifah Putri;;aku cantik fix no debat;10/12/2020 4:50;57;107;17;Twitter for Mac
1,35E+18;12/01/2021 8:34;penny K lukito ( kepala akademi perlindungan #vaksinasi https://t.co/ZvlhXHwHr1;['vaksinasi'];Hanifah Putri;;aku cantik fix no debat;10/12/2020 4:50;57;107;17;Twitter for Mac
1,35E+18;12/01/2021 8:35;aci Badan Pengawasan Obat dan Makanan serahkan restu vaksin covid-19 sinovac #vaksinasi https://t.co/HOQ14mwVCw;['vaksinasi'];Rina Ayu;;;09/12/2020 7:57;1;1;3;Twitter for Mac
1,35E+18;12/01/2021 8:35;penny K lukito ( kepala senat pengendalian #vaksinasi https://t.co/39p4qBzfcE;['vaksinasi'];Geisha Ayu;;;10/12/2020 5:21;16;32;9;Twitter for iPad
1,35E+18;12/01/2021 8:36;Sampurasun wargi jabar ??;;;;;;;;;
"Program pelaksanaan vaksinasi COVID-19 akan segera dilakukan setelah Badan Pengawas Obat? https://t.co/Msv6UXpJ5k""";;jabarprov.go.id | #75TahunJabar;Bandung,Indonesia;Website Resmi Pemerintah Provinsi Jawa Barat, Alamat : Jl. Taman Sari No. 55 Bandung 40132, Tlp/Fax: 022-2502898/022-2511505 email : info@jabarprov.go.id;31/08/2012 1:17;21671;737;661;TRUE;Twitter for Android;3
1,35E+18;12/01/2021 8:36;Penny K Lukito (Kepala Badan Pengawasan #vaksinasi https://t.co/AqnIKGlDhZ;['vaksinasi'];Deandra Putri;;;10/12/2020 5:26;26;34;9;Twitter for Mac
1,35E+18;12/01/2021 8:42;Kalo sudah begini siapa yg peduli;;;;;;;;;
1,35E+18;12/01/2021 8:46;Program vaksinasi Covid-19 adalah salah satu strategi utama untuk menyelesaikan masalah pandemi.;;;;;;;;;
1,35E+18;12/01/2021 8:48;#Vaksin Covid-19 Aman dan Halal, Menteri Agama: Jangan Ragu Ikut Vaksinasi - https://t.co/1hFRey6UPt #Covid #Covid19 https://t.co/eoNEBVNhL0;['Vaksin', 'Covid', 'Covid19'];Berita Covid;;;31/05/2015 15:19;1164;1338;0;IFTTT
1,35E+18;12/01/2021 9:00;Hai SohIB! BPOM telah resmi mengeluarkan izin penggunaan darurat untuk #VaksinSinovac. Seperti apa hasil evaluasiny? https://t.co/x4uRYyHgJQ;['VaksinSinovac'];Indonesia Baik;Indonesia;??Sajian konten informasi digital | ??Fakta dan data menarik setiap hari | ??Powered by @djikp @kemkominfo | #?? #IndonesiaBaik #YangMudaSukaData;13/02/2017 7:59;22082;168;212;Twittimer
1,35E+18;12/01/2021 9:03;Guys, sekarang ini lagi ramai soal Vaksin. Nah, tapi apakah teman-teman tau apa itu Vaksin dan istilah lainnya??;;;;;;;;;
1,35E+18;12/01/2021 9:03;Jokowi jadi orang pertama di Indonesia yang disuntik vaksin covid-19 besok Rabu, 13 Januari 2020. #Jokowi #Vaksin? https://t.co/9IfIDYBd34;['Jokowi', 'Vaksin'];radamuhu.com;Menteng, Jakarta Pusat;HOT NEWS : Santai & Serius ( #IndonesiaRaya;;;;;
1,35E+18;12/01/2021 9:07;Guys, sekarang ini lagi ramai soal Vaksin. Nah, tapi apakah teman-teman tau apa itu Vaksin dan istilah lainnya??;;;;;;;;;
1,35E+18;12/01/2021 9:18;Sejak 16 Nov 2020 lalu, Presiden Pak @jokowi sudah menyatakan bersedia menjadi orang Indonesia pertama yang disunti? https://t.co/x1kgE6eK7u;;IraSoenjotoKaminsky;;Cucu bungsu Bambang Soenjoto dan Klara Havel-Kaminsky, pelajar Indonesia di Cekoslowakia tahun 1961. Kini menetap di Jakarta/Cirebon dan pembela Merah Putih.;25/04/2013 7:24;3798;152;2955;Twitter for Android
1,35E+18;12/01/2021 9:18;Alasan Ribka menolak karena PT Bio Farma katakan belum melakukan uji klinis tahap ketiga.#Vaksin #Covid19 #Berita? https://t.co/2NBZFiWSJT;['Vaksin', 'Covid19', 'Berita'];radamuhu.com;Menteng, Jakarta Pusat;HOT NEWS : Santai & Serius ( #IndonesiaRaya;;;;;
1,35E+18;12/01/2021 9:24;Dari semua target vaksinasi, tidak semua bisa di vaksin karena tidak memenuhi syarat. Simak beberapa persyaratan pe? https://t.co/ed80ONck3G;;Fraksi NasDem;Jakarta;Akun Twitter Resmi Fraksi NasDem DPR-RI;03/03/2015 12:53;4950;270;110;Twitter for Android
1,35E+18;12/01/2021 9:24;Suntik Vaksin di Makassar Siap Dilakukan, Tahap Pertama di 47 Puskesmas #Vaksin #KotaMakassar #Wabah #Vaksinasi? https://t.co/F9MNxl2Uk6;['Vaksin', 'KotaMakassar', 'Wabah', 'Vaksinasi'];BaBe - Baca Berita;Indonesia;Aku resmi BaBe - Aplikasi berita pintar yang menyajikan berita terhangat & terlengkap!;;;;;
1,35E+18;12/01/2021 9:42;Ribka PDIP Ogah Disuntik Vaksin: Kalau Dipaksa Pelanggaran HAM! #Vaksin #Vaksinasi #Poliomielitis #BioFarma? https://t.co/BTZJswtzpo;['Vaksin', 'Vaksinasi', 'Poliomielitis', 'BioFarma'];BaBe - Baca Berita;Indonesia;Aku resmi BaBe - Aplikasi berita pintar yang menyajikan berita terhangat & terlengkap!;;;;;
1,35E+18;12/01/2021 10:00;Anggota Komisi III DPRD Lampung Barat, Ismun Zani, meminta DinKes memberikan surat keterangan bukti positif terpapa? https://t.co/NrfGsW9Lcf;;Lampung Post (Official);Lampung, Indonesia;Adalah Twitter resmi Harian Umum Lampung Post. Berada dalam naungan PT Masa Kini Mandiri, penerbit Koran Lampung Post;09/02/2018 6:38;2571;4815;169;Twitter Web App
1,35E+18;12/01/2021 10:00;Menteri Agama Yaqut Cholil Qoumas mengajak semua umat beragama untuk mengikuti program vaksinasi COVID-19.? https://t.co/EbnJChGf3Z;;VIVAcoid;Jakarta, Indonesia;#1newstainment;;;;;
1,35E+18;12/01/2021 10:02;Tahapan pertama vaksinasi Covid 19 akan digelar esok, rabu 13 Januari 2021. Sebanyak 1,48 juta orang ditargetkan di? https://t.co/ERhCKIZN7a;;Fraksi NasDem;Jakarta;Akun Twitter Resmi Fraksi NasDem DPR-RI;03/03/2015 12:53;4950;270;110;Twitter for Android
1,35E+18;12/01/2021 10:02;Dari semua target vaksinasi, tidak semua bisa di vaksin karena tidak memenuhi syarat. Simak beberapa persyaratan pe? https://t.co/SKfqLCe96E;;Fraksi NasDem;Jakarta;Akun Twitter Resmi Fraksi NasDem DPR-RI;03/03/2015 12:53;4950;270;110;Twitter for Android
1,35E+18;12/01/2021 10:05;Guys, sekarang ini lagi ramai soal Vaksin. Nah, tapi apakah teman-teman tau apa itu Vaksin dan istilah lainnya??;;;;;;;;;
1,35E+18;12/01/2021 10:05;Menkes: Bahan Baku untuk Produksi 15 Juta Vaksin COVID-19 Datang Hari Ini #VaksinKitaDatangLagi #Vaksin https://t.co/6blW8gqiRF;['VaksinKitaDatangLagi', 'Vaksin'];inno kribow;Jakarta;Journalist, writers | traveller | @kribotrip | coffee lover | My Life, My choices, My mistakes, and My lessons is not your business.;28/02/2010 19:01;1165;1236;72;Twitter Web App
1,35E+18;12/01/2021 10:20;PT Bio Farma menyatakan telah menuntaskan pendistribusian vaksin Covid-19 ke 34 provinsi.;;;;;;;;;
1,35E+18;12/01/2021 10:36;Pemkot Serang Tunjuk 33 Faskes Tempat Vaksinasi - https://t.co/d6vhyP6enD https://t.co/n7KzYZnR9S #Vaksin? https://t.co/2c7MEY8UEx;['Vaksin'];Republik Merdeka Banten;;Mengabarkan informasi terkini, faktual, kritis dan anti hoax.;26/11/2014 23:54;865;115;144;Twitter Web App
1,35E+18;12/01/2021 10:38;Jumlah Vaksin Terbatas jadi Alasan Tiga Daerah Ini Sebagai Penerima Vaksinasi Pertama;;;;;;;;;
1,35E+18;12/01/2021 10:45;Guys, sekarang ini lagi ramai soal Vaksin. Nah, tapi apakah teman-teman tau apa itu Vaksin dan istilah lainnya??;;;;;;;;;
1,35E+18;12/01/2021 10:51;Kasus terkonfirmasi Covid-19 Lampung kembali bertambah 190 orang. Dengan begitu kasus Covid-19 Lampung menjadi 7.55? https://t.co/wPo9JAS190;;Lampung Post (Official);Lampung, Indonesia;Adalah Twitter resmi Harian Umum Lampung Post. Berada dalam naungan PT Masa Kini Mandiri, penerbit Koran Lampung Post;09/02/2018 6:38;2571;4815;169;Twitter Web App
1,35E+18;12/01/2021 10:53;Presiden Joko Widodo bakal disuntik vaksin Covid-19 pada Rabu pagi, 13 Januari 2020.;;;;;;;;;
"#COVID19 #BPOM #MUI? https://t.co/6DKzUV7n3q""";['COVID19', 'BPOM', 'MUI'];Lampung Post (Official);Lampung, Indonesia;Adalah Twitter resmi Harian Umum Lampung Post. Berada dalam naungan PT Masa Kini Mandiri, penerbit Koran Lampung Post;09/02/2018 6:38;2571;4815;169;FALSE;Twitter Web App;0
1,35E+18;12/01/2021 11:16;Jika BPOM Sudah Aman, Insyaallah Vaksin Aman;;;;;;;;;
1,35E+18;12/01/2021 11:17;#SobatKom Kementerian Kesehatan (Kemkes) telah menerbitkan petunjuk teknis (juknis) pelaksanaan vaksinasi Covid-19.? https://t.co/pEztFjizdE;['SobatKom'];Diskominfo Natuna;Natuna, Kepulauan Riau;Akun Resmi Dinas Komunikasi dan Informatika Kab. Natuna | Natuna Regency Communication and Information Agency | 0821-6944-1216 | diskominfo@natunakab.go.id;20/06/2017 3:32;252;26;2;Twitter Web App
1,35E+18;12/01/2021 11:29;Bupati Tanggamus Dewi Handajani menyatakan kesiapannya untuk menerima vaksin Sinovac dalam vaksinasi perdana di Lam? https://t.co/PN48LsZRhP;;Lampung Post (Official);Lampung, Indonesia;Adalah Twitter resmi Harian Umum Lampung Post. Berada dalam naungan PT Masa Kini Mandiri, penerbit Koran Lampung Post;09/02/2018 6:38;2571;4815;169;Twitter Web App
1,35E+18;12/01/2021 11:31;Kami ASN Badan POM siap divaksinasi;;;;;;;;;
1,35E+18;12/01/2021 11:44;BPOM sudah mengeluarkan izin penggunaan darurat atau emergency use authorization (EUA) vaksin covid-19 buatan sinov? https://t.co/ysbKgSNbTL;;Mimi Chimmy;;;13/09/2020 16:25;471;486;2336;Twitter for Android
1,35E+18;12/01/2021 12:05;Yang jadi pertanyaan adalah mengapa pemerintah tidak memilih #vaksin yang secara efikasi terjamin kualitasnya untuk? https://t.co/J57Q0fZrfK;['vaksin'];Suara Muslimah Jabar;;(?);20/10/2020 11:50;188;43;51;Twitter Web App
1,35E+18;12/01/2021 12:08;Walaupun sudah ada vaksin, protokol kesehatan jangan sampai kendor! Jangan lupa selalu terapkan 3M, ya!;;;;;;;;;
1,35E+18;12/01/2021 12:13;Mari bersama berkontribusi dalam menerapkan protokol kesehatan secara ketat untuk menekan angka penularan Covid-19? https://t.co/1J6JyptHVP;;Eka Hospital;BSD-Pekanbaru-Cibubur-Bekasi;A private general hospital committed to provide quality healthcare services.   https://t.co/mLtp4W9P71;;;;;
1,35E+18;12/01/2021 12:16;Kira-kira bu ribka tjiptaning kalo diserang netizen gimana reaksinya? Adakah sejarah si dunia dewan wakil rakyat di? https://t.co/zbhtUXA7RK;;Einsteiner;;people;05/10/2020 3:07;0;14;13;Twitter for Android
"#VAKSIN""";['VAKSIN'];OH YA..?;;akun receh demi adil dan makmur;17/02/2019 1:38;63;304;9858;FALSE;Twitter for Android;0
1,35E+18;12/01/2021 12:23;Menteri Agama menyampaikan untuk tidak  Ragu Ikuti Vaksinasi Covid-19 yg sudah dicanangkan pemerintah guna melawan? https://t.co/PjgzsbdGCC;;Suga Ncug;;Pengen Indonesia Damai, Indonesia yang saling menghargai perbedaan. Indonesia yang tetap menghargai adat istiadat dan kebudayaannya.;13/09/2020 15:53;622;637;1914;Twitter for Android
1,35E+18;12/01/2021 12:30;VAKSIN COVID-19??| IZIN DARURAT VAKSIN | BEGINI KATA KETUA UMUM PB IDI https://t.co/EKKwJDg3jO lewat @YouTube;;;;;;;;;
1,35E+18;12/01/2021 12:30;Menag Minta Umat Beragama Jangan Ragu Ikut #vaksinasi  #COVID19  https://t.co/H7Q726jexJ;['vaksinasi', 'COVID19'];Arif Rahman Hakim;;Hobi membaca & menulis;26/05/2010 1:32;1979;611;1800;Twitter Web App
1,35E+18;12/01/2021 12:33;Ada 15 vaksin untuk beberapa penyakit yang direkomendasikan untuk orang dewasa, salah satunya ada Vaksin HPV (Human? https://t.co/0QRaDLbtYm;;Get Vaccs??;;Educating?? and Breaking?????? Misconceptions about Vaccination;24/12/2020 10:14;19;0;47;Twitter for Android
1,35E+18;12/01/2021 12:47;BPOM sudah mengeluarkan izin penggunaan darurat atau emergency use authorization (EUA) vaksin covid-19 buatan sinov? https://t.co/RAmPljU6Qq;;Randuhati;;;13/09/2020 16:08;137;139;1757;Twitter for Android
1,35E+18;12/01/2021 12:50;Perhimpunan Ahli Epidemiologi Indonesia (PAEI) Jateng blak-blakkan merespons rencana vaksinasi tahap pertama yang a? https://t.co/zKIZvZcdo3;;GenPI.co;Indonesia;Download Apps Android: https://t.co/833QEXPjBE?amp=1;;;;;
1,35E+18;12/01/2021 12:56;Akhirnya tiba juga masanya dimana manusia juga merasakan kegalauan hewan ternak unggas ketika melihat petugas dinas? https://t.co/UcyrVJC5i8;;Roland Priesley;Gorontalo, Indonesia;Dreamer;30/12/2020 3:35;5;6;9;Twitter for Android
1,35E+18;12/01/2021 12:56;"mendrop untuk vaksinnya,"" jelas Airin.";;;;;;;;;
1,35E+18;12/01/2021 13:26;Tak Mengandung Babi: Menteri Agama Yaqut Cholil Qoumas Imbau Umat Islam Tak Ragu Ikut Vaksin!? https://t.co/ReXwfYOBfy;;MONITOR Indonesia;Jakarta;Lebih jelas lebih tegas;15/04/2011 13:06;4091;2458;64;Twitter for Android
1,35E+18;12/01/2021 13:35;Saya siap selalu #Vaksin #vaksincovid #VaksinKitaDatangLagi https://t.co/BVoOyrFARk;['Vaksin', 'vaksincovid', 'VaksinKitaDatangLagi'];Don Kerul;;Penikmat Keindahan dan Kelucuan;01/09/2015 6:00;843;293;9510;Twitter for Android
1,35E+18;12/01/2021 13:43;Apakah tahap keberkesanan #vaksin #pfizer ?;;;;;;;;;
1,35E+18;12/01/2021 13:45;Ketua IDI cabang Bandar Lampung merekomendasikan kepada perhimpunan dokter spesialis penyakit dalam Indonesia menge? https://t.co/Erfql70mjh;;Lampung Post (Official);Lampung, Indonesia;Adalah Twitter resmi Harian Umum Lampung Post. Berada dalam naungan PT Masa Kini Mandiri, penerbit Koran Lampung Post;09/02/2018 6:38;2571;4815;169;Twitter Web App
1,35E+18;12/01/2021 13:51;Ikatan Dokter Indonesia (IDI) Bandar Lampung menerangkan terdapat kriteria eksklusi (belum bisa) menerima vaksin si? https://t.co/pxb7tnwZdg;;Lampung Post (Official);Lampung, Indonesia;Adalah Twitter resmi Harian Umum Lampung Post. Berada dalam naungan PT Masa Kini Mandiri, penerbit Koran Lampung Post;09/02/2018 6:38;2571;4815;169;Twitter Web App
1,35E+18;12/01/2021 13:52;Berdasarkan pertimbangan kemaslahatan umum, tingkat kedaruratan utama (martabat dlaruri) serta demi menyelamatkan k? https://t.co/IVtmHWn7bT;;Muhammadiyah Jepang;Japan;Muhammadiyah Cabang Jepang | Muhammadiyah Japan branch | https://t.co/HU38TCTi0H;10/12/2012 2:50;2751;16;72;Twitter for Android
1,35E+18;12/01/2021 14:02;Ini Jarang Terjadi, Fraksi PKS Mengapresiasi Keputusan Presiden Jokowi #Vaksin #Vaksinasi #BadanPOM #Wabah? https://t.co/5hANOCse1W;['Vaksin', 'Vaksinasi', 'BadanPOM', 'Wabah'];BaBe - Baca Berita;Indonesia;Aku resmi BaBe - Aplikasi berita pintar yang menyajikan berita terhangat & terlengkap!;;;;;
1,35E+18;12/01/2021 14:23;TNI-POLRI Vaksinasi Melawan Pandemi Sinergi Untuk Negeri ????;;;;;;;;;
1,35E+18;12/01/2021 15:12;yang gak mau vaksin di denda duit kudunye dibalik yang MAU Vaksin di kasih duit #Vaksin ??;['Vaksin'];Muhammad Amrullah;ENJOY JAKARTE;I Love ENYAK , #SiaranMalam 20:00-24:00 @hot932fm , #JAKARTATOLAKREKLAMASI, #StadionJakarta Gubernur Luar Angkasa;22/08/2009 21:07;22021;1868;1207;Twitter for iPhone
1,35E+18;12/01/2021 15:41;Doni Monardo: Vaksin Tahap Ketiga Tiba di Tanah Air, 3M Jangan Kendor;;;;;;;;;
1,35E+18;12/01/2021 16:01;... SIAP VAKSIN .. #vaksin #siapvaksincovid19 @ Kampoeng Cyber https://t.co/ELdPCv7BDA;['vaksin', 'siapvaksincovid19'];Eka Sulistiyana;Blitar Gunungkidul;Lecturer, Entrepreneur;;;;;
1,35E+18;12/01/2021 16:07;Vaksinasi untuk Indonesia bebas dari pandemi. Tetap patuhi 3M;;;;;;;;;
1,35E+18;12/01/2021 16:07;Vaksinasi untuk Indonesia bebas dari pandemi. Tetap patuhi 3M;;;;;;;;;
1,35E+18;12/01/2021 16:07;Vaksinasi untuk Indonesia bebas dari pandemi. Tetap patuhi 3M;;;;;;;;;
1,35E+18;12/01/2021 16:07;Vaksinasi untuk Indonesia bebas dari pandemi. Tetap patuhi 3M;;;;;;;;;
1,35E+18;12/01/2021 16:07;Vaksinasi untuk Indonesia bebas dari pandemi. Tetap patuhi 3M;;;;;;;;;
1,35E+18;12/01/2021 16:07;Vaksinasi untuk Indonesia bebas dari pandemi. Tetap patuhi 3M;;;;;;;;;
1,35E+18;12/01/2021 16:07;Vaksinasi untuk Indonesia bebas dari pandemi. Tetap patuhi 3M;;;;;;;;;
1,35E+18;12/01/2021 16:08;Vaksinasi untuk Indonesia bebas dari pandemi. Tetap patuhi 3M;;;;;;;;;
1,35E+18;12/01/2021 16:13;Vaksinasi untuk Indonesia bebas dari pandemi. Tetap patuhi 3M;;;;;;;;;
1,35E+18;12/01/2021 16:13;Vaksinasi untuk Indonesia bebas dari pandemi. Tetap patuhi 3M;;;;;;;;;
1,35E+18;12/01/2021 16:13;Vaksinasi untuk Indonesia bebas dari pandemi. Tetap patuhi 3M;;;;;;;;;
1,35E+18;12/01/2021 16:14;Vaksinasi untuk Indonesia bebas dari pandemi. Tetap patuhi 3M;;;;;;;;;
1,35E+18;12/01/2021 16:14;Vaksinasi untuk Indonesia bebas dari pandemi. Tetap patuhi 3M;;;;;;;;;
1,35E+18;12/01/2021 16:14;Vaksinasi untuk Indonesia bebas dari pandemi. Tetap patuhi 3M;;;;;;;;;
1,35E+18;12/01/2021 16:36;Jadilah Pelopor VACCINE Covid-19 #Vaksin #VaksinSinovac #vaksinuntukkita #vaksincovid19 https://t.co/r6uS2fMCJa;['Vaksin', 'VaksinSinovac', 'vaksinuntukkita', 'vaksincovid19'];rOelex;-3.680613,128.209951. Ambon;Profesional Internal Auditor. Freelance Fotographer;08/03/2011 9:52;59;155;524;Twitter for iPhone
1,35E+18;12/01/2021 16:39;Vaksin, Bisnis atau Solusi Pandemi? https://t.co/ub22EXkUCJ lewat @suaraislamID #Vaksin #Bisnis #Pandemi #Sinovac;['Vaksin', 'Bisnis', 'Pandemi', 'Sinovac'];SUARAISLAM.ID;DKI Jakarta, Indonesia;Akun Twitter Suara Islam Online;;;;;
1,35E+18;12/01/2021 17:16;Orang rentan lebih utama dapat Vaksin dibanding Atlet olimpiade.;;;;;;;;;
